[
  {
    "id": 1,
    "priority": 1,
    "action": {
      "type": "block"
    },
    "condition": {
      "urlFilter": "*://chat.openai.com/backend-api/memories*",
      "initiatorDomains": ["*"],
      "excludedInitiatorDomains": ["chat.openai.com", "chatgpt.com"],
      "resourceTypes": ["xmlhttprequest"]
    }
  },
  {
    "id": 2,
    "priority": 1,
    "action": {
      "type": "block"
    },
    "condition": {
      "urlFilter": "*://chatgpt.com/backend-api/memories*",
      "initiatorDomains": ["*"],
      "excludedInitiatorDomains": ["chat.openai.com", "chatgpt.com"],
      "resourceTypes": ["xmlhttprequest"]
    }
  },
  {
    "id": 3,
    "priority": 2,
    "action": {
      "type": "block"
    },
    "condition": {
      "urlFilter": "*://perplexity.ai/api/user*",
      "initiatorDomains": ["*"],
      "excludedInitiatorDomains": ["perplexity.ai"],
      "resourceTypes": ["xmlhttprequest"]
    }
  },
  {
    "id": 4,
    "priority": 2,
    "action": {
      "type": "block"
    },
    "condition": {
      "urlFilter": "*://claude.ai/api/organizations/*/chat_conversations*",
      "initiatorDomains": ["*"],
      "excludedInitiatorDomains": ["claude.ai", "anthropic.com"],
      "resourceTypes": ["xmlhttprequest"]
    }
  },
  {
    "id": 5,
    "priority": 3,
    "action": {
      "type": "block"
    },
    "condition": {
      "urlFilter": "*://*.tk/*",
      "resourceTypes": ["main_frame", "sub_frame", "xmlhttprequest"]
    }
  },
  {
    "id": 6,
    "priority": 3,
    "action": {
      "type": "block"
    },
    "condition": {
      "urlFilter": "*://*.ml/*",
      "resourceTypes": ["main_frame", "sub_frame", "xmlhttprequest"]
    }
  },
  {
    "id": 7,
    "priority": 3,
    "action": {
      "type": "block"
    },
    "condition": {
      "urlFilter": "*://*.ga/*",
      "resourceTypes": ["main_frame", "sub_frame", "xmlhttprequest"]
    }
  },
  {
    "id": 8,
    "priority": 3,
    "action": {
      "type": "block"
    },
    "condition": {
      "urlFilter": "*://*.cf/*",
      "resourceTypes": ["main_frame", "sub_frame", "xmlhttprequest"]
    }
  },
  {
    "id": 9,
    "priority": 3,
    "action": {
      "type": "block"
    },
    "condition": {
      "urlFilter": "*://*.gq/*",
      "resourceTypes": ["main_frame", "sub_frame", "xmlhttprequest"]
    }
  },
  {
    "id": 10,
    "priority": 4,
    "action": {
      "type": "block"
    },
    "condition": {
      "urlFilter": "*://pastebin.com/raw/*",
      "resourceTypes": ["xmlhttprequest", "script"]
    }
  },
  {
    "id": 11,
    "priority": 4,
    "action": {
      "type": "block"
    },
    "condition": {
      "urlFilter": "*://transfer.sh/*",
      "resourceTypes": ["xmlhttprequest"]
    }
  },
  {
    "id": 12,
    "priority": 4,
    "action": {
      "type": "block"
    },
    "condition": {
      "urlFilter": "*://anonfiles.com/*",
      "resourceTypes": ["xmlhttprequest"]
    }
  },
  {
    "id": 13,
    "priority": 5,
    "action": {
      "type": "block"
    },
    "condition": {
      "regexFilter": ".*eval\\(.*",
      "resourceTypes": ["script"]
    }
  },
  {
    "id": 14,
    "priority": 5,
    "action": {
      "type": "block"
    },
    "condition": {
      "regexFilter": ".*javascript:.*",
      "resourceTypes": ["main_frame", "sub_frame"]
    }
  },
  {
    "id": 15,
    "priority": 5,
    "action": {
      "type": "block"
    },
    "condition": {
      "regexFilter": "data:text/html.*<script.*",
      "resourceTypes": ["main_frame", "sub_frame"]
    }
  }
]
